{"cameraMode":{"drawMode":0,"name":"Shaded","section":"Shading Mode"},"sceneLighting":false,"audioPlay":false,"sceneViewState":{"showFog":true,"showMaterialUpdate":false,"showSkybox":true,"showFlares":true,"showImageEffects":true,"showParticleSystems":true},"in2DMode":false,"pivot":{"x":246.99517822265626,"y":-260.3432922363281,"z":-50.486961364746097},"rotation":{"x":-0.2431994527578354,"y":-0.7149270176887512,"z":0.29764050245285036,"w":-0.5841565728187561},"size":415.40997314453127,"orthographic":false}