{"cameraMode":{"drawMode":0,"name":"Shaded","section":"Shading Mode"},"sceneLighting":false,"audioPlay":false,"sceneViewState":{"showFog":true,"showMaterialUpdate":false,"showSkybox":true,"showFlares":true,"showImageEffects":true,"showParticleSystems":true},"in2DMode":false,"pivot":{"x":-5.2840471267700199,"y":-2.142970085144043,"z":82.56231689453125},"rotation":{"x":0.08539795130491257,"y":0.002986739156767726,"z":-0.0002696395094972104,"w":0.9963826537132263},"size":136.38282775878907,"orthographic":false}