{"cameraMode":{"drawMode":0,"name":"Shaded","section":"Shading Mode"},"sceneLighting":false,"audioPlay":false,"sceneViewState":{"showFog":true,"showMaterialUpdate":false,"showSkybox":true,"showFlares":true,"showImageEffects":true,"showParticleSystems":true},"in2DMode":false,"pivot":{"x":-84.52412414550781,"y":-102.359130859375,"z":251.35133361816407},"rotation":{"x":-0.23369508981704713,"y":0.6141496300697327,"z":-0.19727744162082673,"w":-0.7275226712226868},"size":428.64398193359377,"orthographic":false}