{"cameraMode":{"drawMode":0,"name":"Shaded","section":"Shading Mode"},"sceneLighting":false,"audioPlay":false,"sceneViewState":{"showFog":true,"showMaterialUpdate":false,"showSkybox":false,"showFlares":true,"showImageEffects":true,"showParticleSystems":true},"in2DMode":false,"pivot":{"x":-1.7999999523162842,"y":-1.25,"z":-23.850000381469728},"rotation":{"x":-0.4713022708892822,"y":-0.011380955576896668,"z":0.006079037208110094,"w":-0.8818804025650024},"size":42.88631820678711,"orthographic":false}