{"cameraMode":{"drawMode":0,"name":"Shaded","section":"Shading Mode"},"sceneLighting":false,"audioPlay":false,"sceneViewState":{"showFog":true,"showMaterialUpdate":false,"showSkybox":true,"showFlares":true,"showImageEffects":true,"showParticleSystems":true},"in2DMode":false,"pivot":{"x":-6.4956231117248539,"y":17.361291885375978,"z":-29.419771194458009},"rotation":{"x":-0.33682096004486086,"y":-0.03708518669009209,"z":0.013286828063428402,"w":-0.940765380859375},"size":35.7027702331543,"orthographic":false}