{"cameraMode":{"drawMode":0,"name":"Shaded","section":"Shading Mode"},"sceneLighting":false,"audioPlay":false,"sceneViewState":{"showFog":true,"showMaterialUpdate":false,"showSkybox":true,"showFlares":true,"showImageEffects":true,"showParticleSystems":true},"in2DMode":false,"pivot":{"x":3.0516467094421388,"y":5.599724292755127,"z":-2.069110631942749},"rotation":{"x":0.2278146892786026,"y":-0.45082491636276247,"z":0.1201707050204277,"w":0.8546578288078308},"size":6.330479621887207,"orthographic":false}