{"cameraMode":{"drawMode":0,"name":"Shaded","section":"Shading Mode"},"sceneLighting":false,"audioPlay":false,"sceneViewState":{"showFog":true,"showMaterialUpdate":false,"showSkybox":true,"showFlares":true,"showImageEffects":true,"showParticleSystems":true},"in2DMode":false,"pivot":{"x":0.595179557800293,"y":23.31797981262207,"z":-29.96736717224121},"rotation":{"x":0.35831350088119509,"y":0.01835484243929386,"z":-0.006956999655812979,"w":0.9334908723831177},"size":64.6109619140625,"orthographic":false}