{"cameraMode":{"drawMode":0,"name":"Shaded","section":"Shading Mode"},"sceneLighting":false,"audioPlay":false,"sceneViewState":{"showFog":true,"showMaterialUpdate":false,"showSkybox":true,"showFlares":true,"showImageEffects":true,"showParticleSystems":true},"in2DMode":false,"pivot":{"x":-4.435195446014404,"y":2.81112003326416,"z":-0.06695505976676941},"rotation":{"x":-0.1402607262134552,"y":-0.49666261672973635,"z":0.08164361119270325,"w":-0.8527258038520813},"size":44.212528228759769,"orthographic":false}