{"cameraMode":{"drawMode":0,"name":"Shaded","section":"Shading Mode"},"sceneLighting":false,"audioPlay":false,"sceneViewState":{"showFog":true,"showMaterialUpdate":false,"showSkybox":true,"showFlares":true,"showImageEffects":true,"showParticleSystems":true},"in2DMode":false,"pivot":{"x":-79.80230712890625,"y":81.01513671875,"z":115.08049011230469},"rotation":{"x":-0.15587158501148225,"y":-0.24313196539878846,"z":-0.03956263139843941,"w":0.956656813621521},"size":210.800537109375,"orthographic":false}