{"cameraMode":{"drawMode":0,"name":"Shaded","section":"Shading Mode"},"sceneLighting":false,"audioPlay":false,"sceneViewState":{"showFog":true,"showMaterialUpdate":false,"showSkybox":true,"showFlares":true,"showImageEffects":true,"showParticleSystems":true},"in2DMode":false,"pivot":{"x":-10.941909790039063,"y":-285.42437744140627,"z":92.74336242675781},"rotation":{"x":-0.5850163698196411,"y":-0.04021873325109482,"z":0.027266206219792367,"w":-0.8098742365837097},"size":372.3059997558594,"orthographic":false}