{"cameraMode":{"drawMode":0,"name":"Shaded","section":"Shading Mode"},"sceneLighting":false,"audioPlay":false,"sceneViewState":{"showFog":true,"showMaterialUpdate":false,"showSkybox":true,"showFlares":true,"showImageEffects":true,"showParticleSystems":true},"in2DMode":false,"pivot":{"x":-4.4172563552856449,"y":1.7103612422943116,"z":-4.276727676391602},"rotation":{"x":0.3344513773918152,"y":-0.0055075837299227718,"z":0.0020380299538373949,"w":0.9424870014190674},"size":36.793582916259769,"orthographic":false}