{"cameraMode":{"drawMode":0,"name":"Shaded","section":"Shading Mode"},"sceneLighting":false,"audioPlay":false,"sceneViewState":{"showFog":true,"showMaterialUpdate":false,"showSkybox":true,"showFlares":true,"showImageEffects":true,"showParticleSystems":true},"in2DMode":false,"pivot":{"x":70.35006713867188,"y":33.183509826660159,"z":24.266407012939454},"rotation":{"x":-0.17861729860305787,"y":0.7728310227394104,"z":-0.24824906885623933,"w":-0.5560581088066101},"size":30.869836807250978,"orthographic":false}