{"cameraMode":{"drawMode":0,"name":"Shaded","section":"Shading Mode"},"sceneLighting":false,"audioPlay":false,"sceneViewState":{"showFog":true,"showMaterialUpdate":false,"showSkybox":true,"showFlares":true,"showImageEffects":true,"showParticleSystems":true},"in2DMode":false,"pivot":{"x":-0.7913842797279358,"y":-61.88153076171875,"z":62.594566345214847},"rotation":{"x":-0.36921215057373049,"y":0.026110170409083368,"z":-0.010369651019573212,"w":-0.9289432168006897},"size":138.70095825195313,"orthographic":false}